<?xml version="1.0"?>
<doc>
    <assembly>
        <name>GistPlugin</name>
    </assembly>
    <members>
        <member name="T:GistPlugin.Connect">
            <summary>The object for implementing an Add-in.</summary>
            <seealso class='IDTExtensibility2' />
        </member>
        <member name="M:GistPlugin.Connect.OnConnection(System.Object,Extensibility.ext_ConnectMode,System.Object,System.Array@)">
            <summary>Implements the OnConnection method of the IDTExtensibility2 interface. Receives notification that the Add-in is being loaded.</summary>
            <param term='application'>Root object of the host application.</param>
            <param term='connectMode'>Describes how the Add-in is being loaded.</param>
            <param term='addInInst'>Object representing this Add-in.</param>
            <seealso class='IDTExtensibility2' />
        </member>
        <member name="M:GistPlugin.Connect.OnDisconnection(Extensibility.ext_DisconnectMode,System.Array@)">
            <summary>Implements the OnDisconnection method of the IDTExtensibility2 interface. Receives notification that the Add-in is being unloaded.</summary>
            <param term='disconnectMode'>Describes how the Add-in is being unloaded.</param>
            <param term='custom'>Array of parameters that are host application specific.</param>
            <seealso class='IDTExtensibility2' />
        </member>
        <member name="M:GistPlugin.Connect.OnAddInsUpdate(System.Array@)">
            <summary>Implements the OnAddInsUpdate method of the IDTExtensibility2 interface. Receives notification when the collection of Add-ins has changed.</summary>
            <param term='custom'>Array of parameters that are host application specific.</param>
            <seealso class='IDTExtensibility2' />		
        </member>
        <member name="M:GistPlugin.Connect.OnStartupComplete(System.Array@)">
            <summary>Implements the OnStartupComplete method of the IDTExtensibility2 interface. Receives notification that the host application has completed loading.</summary>
            <param term='custom'>Array of parameters that are host application specific.</param>
            <seealso class='IDTExtensibility2' />
        </member>
        <member name="M:GistPlugin.Connect.OnBeginShutdown(System.Array@)">
            <summary>Implements the OnBeginShutdown method of the IDTExtensibility2 interface. Receives notification that the host application is being unloaded.</summary>
            <param term='custom'>Array of parameters that are host application specific.</param>
            <seealso class='IDTExtensibility2' />
        </member>
    </members>
</doc>
